title,price,original_price,discount,release_date,platforms,review_rating,review_count
Counter-Strike 2,0,0,100,2012-08-21,"Windows, Linux",77,777809730
Umamusume: Pretty Derby,0,0,100,2025-06-24,Windows,93,93899530
PUBG: BATTLEGROUNDS,0,0,100,2017-12-21,Windows,69,691565130
Marvel Rivals,0,0,100,2024-12-05,Windows,56,561121130
PEAK,359,359,0,2025-06-16,Windows,93,934183930
Dota 2,0,0,100,2013-07-09,"Windows, Mac, Linux",75,752071430
Apex Legends™,0,0,100,2020-11-04,Windows,58,58646630
Unknown,0,0,100,,Unknown,0,0
Rust,1700,1700,0,2018-02-08,"Windows, Mac",83,831110930
Forza Horizon 5,1749,3499,50,2021-11-08,Windows,89,89291730
Delta Force,0,0,100,2024-12-04,Windows,47,47867630
Street Fighter™ 6,1874,2499,25,2023-06-01,Windows,80,80116630
"Warhammer 40,000: Dawn of War - Definitive Edition",809,899,10,2025-08-14,Windows,78,782776
War Thunder,0,0,100,2013-08-15,"Windows, Mac, Linux",77,0
RimWorld,1500,1500,0,2018-10-17,"Windows, Mac, Linux",96,96291930
Destiny 2,0,2599,100,2019-10-01,Windows,56,56313530
Team Fortress 2,0,0,100,2007-10-10,"Windows, Linux",94,94804130
Grounded 2,2499,2499,0,2025-07-29,Windows,84,846692
NARAKA: BLADEPOINT,0,0,100,2021-08-11,Windows,58,0
Ready or Not,1995,1995,0,2023-12-13,Windows,56,56985530
ELDEN RING NIGHTREIGN,2499,2499,0,2025-05-29,Windows,84,84640030
Once Human,0,0,100,2024-07-09,Windows,75,75303430
F1® 25,2399,2999,20,2025-05-30,Windows,84,84116030
Battlefield™ 2042,149,2999,95,2021-11-19,Windows,42,42505430
R.E.P.O.,480,480,0,2025-02-26,Windows,94,94757630
Tom Clancy's Rainbow Six® Siege X,0,0,100,2015-12-01,Windows,72,721303230
THE FINALS,0,0,100,2023-12-07,Windows,80,80434030
Mafia: The Old Country,2899,2899,0,2025-08-07,Windows,71,715828
Limbus Company,0,0,100,2023-02-26,Windows,92,92383130
eFootball™,0,0,100,2021-09-29,Windows,64,64202530
Wallpaper Engine,250,250,0,2018-11-16,Windows,97,97911630
GUILTY GEAR -STRIVE-,2595,5829,55,2021-06-11,Windows,87,8762630
Stardew Valley,479,479,0,2016-02-26,"Windows, Mac, Linux",98,981147630
Hearts of Iron IV,2699,2699,0,2016-06-06,"Windows, Mac, Linux",88,0
Schedule I,880,880,0,2025-03-24,Windows,95,95664230
Battlefield™ 6,3999,3999,0,2025-10-10,Windows,0,0
Subnautica,1800,1800,0,2018-01-23,"Windows, Mac",95,95360130
The Sims™ 4,0,0,100,2014-09-02,Windows,84,84250030
EA SPORTS™ Madden NFL 26,3999,3999,0,2025-08-14,Windows,46,46443
iRacing,0,0,100,2015-01-12,Windows,84,8415630
Age of Empires IV: Anniversary Edition,519,1299,60,2021-10-28,Windows,83,8363030
Eternal Return,0,0,100,2023-07-19,Windows,26,26166730
Path of Exile 2,2532,2532,0,2024-12-06,Windows,66,66110730
Risk of Rain 2,237,719,67,2020-08-11,Windows,92,92125230
Last Epoch,1500,1500,0,2024-02-21,"Windows, Linux",66,0
Wuthering Waves,0,0,100,2025-04-28,Windows,87,87238630
inZOI,1919,2399,20,2025-03-27,"Windows, Mac",58,5896030
Stellaris,2199,2199,0,2016-05-09,"Windows, Mac, Linux",78,0
Magic: The Gathering Arena,0,0,100,2023-05-23,Windows,61,6189730
KINGDOM HEARTS -HD 1.5+2.5 ReMIX-,2099,3499,40,2024-06-13,Windows,89,8911530
DELTARUNE,1099,1099,0,2025-06-04,"Windows, Mac",98,98817930
Split Fiction,2499,2499,0,2025-03-06,Windows,94,94157130
Euro Truck Simulator 2,920,920,0,2012-10-18,"Windows, Mac, Linux",96,0
"Warhammer 40,000: Darktide",2199,2199,0,2022-11-30,Windows,72,7281730
Guild Wars 2,0,2294,100,2022-08-23,Windows,87,8758530
Enshrouded,1039,1299,20,2024-01-24,Windows,80,8090930
RimWorld - Odyssey,1100,1100,0,2025-07-11,"Windows, Mac, Linux",86,8658230
Phasmophobia,880,1803,51,2020-09-18,Windows,93,93479230
Deadzone: Rogue,880,1100,20,2025-08-11,Windows,84,84200730
Mage Arena,155,155,0,2025-07-24,Windows,92,927925
Monster Hunter Wilds,3599,4499,20,2025-02-27,Windows,27,27624730
Assassin's Creed® Origins,299,2999,90,2017-10-26,Windows,83,8380030
Disney Dreamlight Valley,2174,2174,0,2023-12-05,Windows,92,9220930
Red Dead Redemption 2,4999,4999,0,2019-12-05,Windows,93,931092030
Hollow Knight,690,690,0,2017-02-24,"Windows, Mac, Linux",95,95498930
Sid Meier's Civilization VII,2799,3999,30,2025-02-10,"Windows, Mac, Linux",41,4195230
Anno 1800,299,2999,90,2019-04-16,Windows,80,8035230
ARK: Survival Ascended,3700,3700,0,2023-10-25,Windows,61,61173630
Age of Mythology: Retold,749,1499,50,2024-09-04,Windows,87,8729630
Crusader Kings III,2699,2699,0,2020-09-01,"Windows, Mac, Linux",85,0
STAR WARS™: The Old Republic™,0,0,100,2011-12-20,Windows,84,8454430
EA SPORTS FC™ 26,3999,3999,0,2025-09-25,Windows,0,0
Abyssus,1100,1100,0,2025-08-12,Windows,85,851623
Date Everything!,1919,2399,20,2025-06-17,Windows,95,9571830
Sons Of The Forest,1300,1300,0,2024-02-22,Windows,89,89315030
Conqueror's Blade,0,0,100,2020-04-05,Windows,71,7191430
Marvel's Spider-Man 2,3999,3999,0,2025-01-30,Windows,85,8595230
Tiny Bookshop,880,2141,59,2025-08-07,"Windows, Mac, Linux",95,951895
Age of Empires II: Definitive Edition,489,1399,65,2019-11-14,Windows,95,9597130
Farming Simulator 25,2750,3285,16,2024-11-12,"Windows, Mac",88,8879730
BeamNG.drive,1100,1100,0,2015-05-29,Windows,96,96505130
Palworld,1300,1300,0,2024-01-18,Windows,92,92328730
Yu-Gi-Oh! Master Duel,0,0,100,2022-01-18,Windows,58,58105830
American Truck Simulator,920,920,0,2016-02-02,"Windows, Mac, Linux",95,0
Wildgate,858,1300,34,2025-07-22,Windows,83,83315630
World of Warships,0,0,100,2017-11-15,Windows,69,6977530
Titan Quest II,1300,1300,0,2025-08-01,Windows,85,854589
Raft,565,565,0,2022-06-20,Windows,89,89224530
VRChat,0,0,100,2017-02-01,Windows,68,68272530
Sea of Thieves: 2025 Edition,3499,3499,0,2020-06-03,Windows,77,77155830
Satisfactory,1600,1600,0,2024-09-10,Windows,96,96258530
Project Zomboid,880,880,0,2013-11-08,"Windows, Mac, Linux",93,93396130
Factorio,0,0,100,2020-08-14,"Windows, Mac, Linux",97,0
"Warhammer 40,000: Space Marine 2",2799,2799,0,2024-09-09,Windows,82,82236430
Planet Zoo,644,2149,70,2019-11-05,Windows,90,9040430
Jurassic World Evolution 2,734,2449,70,2021-11-09,Windows,92,92121630
Microsoft Flight Simulator 2024,5000,5000,0,2024-11-19,Windows,62,6252430
Microsoft Flight Simulator (2020) 40th Anniversary Edition,1599,3999,60,2020-08-17,Windows,69,6967630
Snowbreak: Containment Zone,0,0,100,2023-12-24,Windows,75,7518130
NBA 2K25,3999,3999,0,2024-10-28,Windows,61,61139730
Europa Universalis IV,2699,2699,0,2013-08-13,"Windows, Mac, Linux",87,0
Drive Beyond Horizons,660,1100,40,2025-03-24,Windows,63,63121930
WUCHANG: Fallen Feathers,3150,3150,0,2025-07-23,Windows,68,684176
METAL GEAR SOLID Δ: SNAKE EATER,3200,3200,0,2025-08-28,Windows,0,0
Monster Hunter: World,659,1997,67,2018-08-08,Windows,89,0
Terraria,480,480,0,2011-05-16,"Windows, Mac, Linux",96,96846130
Dying Light 2 Stay Human: Reloaded Edition,989,2999,67,2022-02-03,Windows,74,74127130
Grounded,2699,2699,0,2022-09-27,Windows,93,93134530
The Bazaar,818,818,0,2025-08-13,"Windows, Mac",84,842188
Path of Exile,0,0,100,2013-10-23,"Windows, Mac",89,8996030
Assassin’s Creed Shadows,4899,26220,81,2025-03-19,Windows,72,7287330
Stronghold Crusader: Definitive Edition,880,880,0,2025-07-15,Windows,90,90239230
EA SPORTS FC™ 25,999,999,0,2024-09-26,Windows,57,57418430
Total War: WARHAMMER III,4499,4499,0,2022-02-16,"Windows, Mac, Linux",84,8470330
Subnautica: Below Zero,1800,1800,0,2021-05-13,"Windows, Mac",84,8472530
New World: Aeternum,6676,6676,0,2021-09-28,Windows,63,6362430
REMATCH,1300,1300,0,2025-06-19,Windows,57,57332330
Hell Let Loose,1439,3599,60,2021-07-27,Windows,77,7749330
theHunter: Call of the Wild™,880,880,0,2017-02-16,Windows,91,9177530
The Binding of Isaac: Rebirth,459,459,0,2014-11-04,"Windows, Mac, Linux",94,94344930
World of Tanks,0,3250,100,2021-04-28,Windows,69,6985430
"Warhammer 40,000: Rogue Trader",2000,2000,0,2023-12-07,"Windows, Mac",91,9185830
Destiny 2: The Edge of Fate,1819,2599,30,2025-07-15,Windows,27,2741930
Castle Crashers®,459,459,0,2012-09-26,"Windows, Mac",96,96196130
ARK: Survival Evolved,690,690,0,2017-08-27,"Windows, Mac",62,62367730
7 Days to Die,1800,1800,0,2024-07-25,"Windows, Mac, Linux",45,45348830
It Takes Two Friend's Pass,0,0,100,2021-05-25,Windows,96,96257730
Cities: Skylines II,2699,2699,0,2023-10-24,Windows,56,5669230
Overcooked! 2,142,569,75,2018-08-07,"Windows, Mac, Linux",91,9166530
FragPunk,0,0,100,2025-03-06,Windows,73,73145030
Torchlight: Infinite,0,0,100,2023-05-09,Windows,63,6378730
Demon Slayer -Kimetsu no Yaiba- The Hinokami Chronicles 2,4799,4799,0,2025-08-05,Windows,77,77987
Hell Clock,704,880,20,2025-07-22,Windows,81,81183930
Victoria 3,2699,2699,0,2022-10-25,"Windows, Mac, Linux",77,0
Palia,0,0,100,2024-03-25,Windows,87,87131630
God of War Ragnarök,3999,3999,0,2024-09-19,Windows,91,9172330
Don't Starve Together,459,459,0,2016-04-21,"Windows, Mac, Linux",92,92242830
Killing Floor 3,1600,1600,0,2025-07-24,Windows,54,546479
It Takes Two,2199,2199,0,2021-03-25,Windows,96,96257730
Balatro,690,1421,51,2024-02-20,"Windows, Mac",97,97312730
Foundation,1500,1500,0,2025-01-31,Windows,83,8327130
AI LIMIT,1520,1900,20,2025-03-27,Windows,92,92182830
Assassin's Creed Mirage,749,2499,70,2024-10-17,Windows,75,7523330
PGA TOUR 2K25,2679,3999,33,2025-02-27,Windows,72,7214030
RuneScape: Dragonwilds,1360,1700,20,2025-04-15,Windows,56,5631630
Risk of Rain 2: Seekers of the Storm,226,349,35,2024-08-27,Windows,91,917230
Europa Universalis V,3259,3259,0,2025-11-04,Windows,0,0
Shadowverse: Worlds Beyond,0,0,100,2025-06-14,Windows,14,14405530
FANTASY LIFE i: The Girl Who Steals Time,4995,4995,0,2025-05-21,Windows,90,9038630
SUPER ROBOT WARS Y,3499,3499,0,2025-08-27,Windows,0,0
Overwatch® 2,0,0,100,2023-08-10,Windows,47,47348730
The Outlast Trials,1600,3440,53,2024-03-05,Windows,91,91112430
Broken Arrow,2000,2000,0,2025-06-19,Windows,44,0
SurrounDead,570,570,0,2022-06-24,Windows,94,94153030
Assetto Corsa,880,880,0,2014-12-19,Windows,93,93153230
The King is Watching,690,1242,44,2025-07-21,Windows,84,84377930
Party Animals,1124,1124,0,2023-09-20,Windows,87,8762030
Last Epoch - Primal Legend Supporter Pack,2400,2400,0,2025-08-12,Windows,90,9021
Tainted Grail: The Fall of Avalon,1800,1800,0,2025-05-23,Windows,88,8899530
The Planet Crafter,1100,1539,29,2024-04-10,Windows,93,9397130
Coral Island,1900,1900,0,2023-11-14,Windows,81,8138830
Hogwarts Legacy,3999,3999,0,2023-02-10,Windows,86,86178830
Fishing Planet,0,0,100,2015-08-11,"Windows, Mac, Linux",87,87100030
Cities: Skylines,1599,1599,0,2015-03-10,"Windows, Mac, Linux",91,9193930
Total War: ROME II - Emperor Edition,539,2699,80,2013-09-02,"Windows, Mac",91,0
Witchfire,1600,1600,0,2024-09-23,Windows,89,89147530
Mount & Blade II: Bannerlord,2499,3118,20,2022-10-25,Windows,88,88122530
Hades II,1300,1300,0,2024-05-06,"Windows, Mac",94,94102530
RimWorld - Biotech,1100,1100,0,2022-10-21,"Windows, Mac, Linux",96,965830
MONSTER HUNTER RISE,624,2497,75,2022-01-12,Windows,88,8857330
Tabletop Simulator,880,880,0,2015-06-05,"Windows, Mac, Linux",96,0
Halo: The Master Chief Collection,3349,3349,0,2019-12-03,Windows,85,85116130
LEGO® Batman™ 3: Beyond Gotham,229,1149,80,2014-11-11,Windows,86,869430
Summoners War,0,0,100,2024-01-07,Windows,77,7715730
Brawlhalla,0,0,100,2017-10-17,"Windows, Mac",64,64223830
Planet Coaster 2,1690,2600,35,2024-11-06,Windows,81,8132430
Is This Seat Taken?,429,429,0,2025-08-07,"Windows, Mac, Linux",97,971609
DREDGE,1074,2149,50,2023-03-30,"Windows, Mac",96,9653830
Strinova,0,0,100,2024-11-21,Windows,75,7560230
Forza Motorsport,2499,4999,50,2023-10-09,Windows,58,5814130
TEKKEN 8,3499,3499,0,2024-01-25,Windows,55,0
Cult of the Lamb,899,899,0,2022-08-11,"Windows, Mac",95,9585730
PowerWash Simulator,1000,1000,0,2022-07-14,Windows,94,9460630
Valheim,1099,1099,0,2021-02-02,"Windows, Mac, Linux",88,88184330
Grand Theft Auto IV: The Complete Edition,299,999,70,2020-03-24,Windows,86,86135230
Supermarket Simulator,880,880,0,2025-06-19,"Windows, Mac",89,8992130
LEGO® Star Wars™: The Skywalker Saga,374,2499,85,2022-04-05,Windows,76,7619630
VOID/BREAKER,787,875,10,2025-08-19,Windows,94,94455
Left 4 Dead 2,480,480,0,2009-11-16,"Windows, Linux",96,96610330
Tempest Rising,1499,1999,25,2025-04-24,Windows,83,8327930
No Man's Sky,2400,2400,0,2016-08-12,"Windows, Mac",90,90138230
House Flipper 2,1600,1600,0,2023-12-14,Windows,92,9243830
FOR HONOR™,1499,1499,0,2024-03-14,Windows,59,5989230
Backrooms: Escape Together,480,480,0,2022-10-18,Windows,90,9095030
DYNASTY WARRIORS: ORIGINS,4900,4900,0,2025-01-16,Windows,93,9356330
Lethal Company,480,480,0,2023-10-23,Windows,91,91187530
Lossless Scaling,345,345,0,2018-12-28,Windows,91,91141530
Dyson Sphere Program,543,679,20,2021-01-20,Windows,95,9550330
Le Mans Ultimate,3200,3200,0,2025-07-22,Windows,73,7368630
Garry's Mod,399,399,0,2006-11-29,"Windows, Mac, Linux",96,96668930
Albion Online,0,0,100,2017-07-17,"Windows, Mac, Linux",73,7398230
Escape the Backrooms,349,349,0,2022-08-11,Windows,85,85179130
Outer Wilds,1049,1049,0,2020-06-18,Windows,95,95125730
The Forest,529,529,0,2018-04-30,Windows,94,94329330
Marvel’s Spider-Man Remastered,3999,3999,0,2022-08-12,Windows,95,9580230
DEATH STRANDING DIRECTOR'S CUT,669,669,0,2022-03-30,Windows,92,92210530
Tales of the Shire: A The Lord of The Rings™ Game,1499,1499,0,2025-07-29,Windows,81,811722
Sid Meier’s Civilization® VI,2499,2499,0,2016-10-20,"Windows, Mac, Linux",87,87175630
Lords of the Fallen,1439,2399,40,2023-10-13,Windows,71,7142330
V Rising,1500,1500,0,2024-05-08,Windows,87,87106830
OFF,586,690,15,2025-08-15,Windows,94,941008
Deep Rock Galactic,699,699,0,2020-05-13,Windows,95,95251230
Mecha BREAK,0,0,100,2025-07-01,Windows,57,57337830
War Robots,0,0,100,2018-04-05,Windows,53,5326330
Bloons TD 6,439,1879,77,2018-12-17,"Windows, Mac",94,94220130
Liar's Bar,345,345,0,2024-10-02,Windows,80,8065530
World of Tanks Blitz,0,0,100,2016-11-09,"Windows, Mac",64,6462730
Persona 5 Royal,4399,4399,0,2022-10-20,Windows,96,96162730
Cuphead,565,565,0,2017-09-29,"Windows, Mac",95,95195430
Two Point Museum,1999,1999,0,2025-03-04,"Windows, Mac, Linux",94,9431430
ARK: Lost Colony Expansion Pass,2536,2536,0,2025-06-18,Windows,38,382630
FINAL FANTASY VII REMAKE INTERGRADE,2499,2499,0,2022-06-17,Windows,85,8547430
Escape Simulator,539,899,40,2021-10-19,"Windows, Mac",94,9413630
SCP: 5K,660,880,25,2022-02-22,Windows,74,7426230
Sword of the Sea,1300,1300,0,2025-08-19,Windows,87,87400
Among Us,229,229,0,2018-11-16,Windows,90,90344730
RoadCraft,1999,1999,0,2025-05-20,Windows,65,6557830
Granblue Fantasy: Relink,1574,3499,55,2024-01-31,Windows,84,8424430
Factorio: Space Age,1500,1500,0,2024-10-21,"Windows, Mac, Linux",76,769730
Car Mechanic Simulator 2021,2021,2021,0,2021-08-11,Windows,94,9459230
Tony Hawk's™ Pro Skater™ 3 + 4,3374,4499,25,2025-07-10,Windows,63,6323330
Aimlabs,0,0,100,2023-06-16,Windows,79,79117930
Blue Prince,1300,1300,0,2025-04-10,Windows,83,8353130
Chained Together,250,250,0,2024-06-19,Windows,85,8570730
RimWorld - Anomaly,1100,1100,0,2024-04-11,"Windows, Mac, Linux",73,735630
Indiana Jones and the Great Circle,4999,4999,0,2024-12-08,Windows,86,8632030
DAVE THE DIVER,880,880,0,2023-06-28,"Windows, Mac",94,94120530
WorldBox - God Simulator,880,880,0,2021-12-02,"Windows, Mac, Linux",94,9485030
NBA 2K26,3999,3999,0,2025-09-04,Windows,0,0
ICARUS,1500,1500,0,2021-12-03,Windows,78,7830230
Drop Duchy,552,690,20,2025-05-05,Windows,88,8817230
Elite Dangerous,264,880,70,2015-04-02,Windows,75,7544030
Bodycam,1500,1500,0,2024-06-07,Windows,80,8056430
Squad,2000,2000,0,2020-09-23,Windows,82,82147130
Blue Archive,0,0,100,2025-07-03,Windows,89,89153930
Assetto Corsa Competizione,2799,2799,0,2019-05-29,Windows,93,9349930
Monster Hunter World: Iceborne,624,2497,75,2020-01-09,Windows,60,0
ULTRAKILL,999,999,0,2020-09-03,Windows,96,96362130
Fast Food Simulator,483,690,30,2024-12-10,Windows,88,8826430
Persona 3 Reload,4399,4399,0,2024-02-01,Windows,93,9394030
BLACK SOULS,585,650,10,2025-08-15,Windows,96,961828
CarX Street,1600,1600,0,2024-08-29,"Windows, Linux",67,67109930
The Lord of the Rings: Return to Moria™,605,1100,45,2024-08-27,Windows,71,7121830
Train Sim World® 5,1600,1600,0,2024-09-17,Windows,75,7520830
Football Manager 2024,3399,3399,0,2023-11-06,"Windows, Mac",93,9344530
Castle Crashers - Painter Boss Paradise,200,200,0,2025-08-06,"Windows, Mac",91,91762
Risk of Rain 2: Survivors of the Void,226,349,35,2022-03-01,Windows,82,821730
Hades,1100,1100,0,2020-09-17,"Windows, Mac",95,95131030
Red Dead Redemption,624,624,0,2024-10-29,Windows,91,9168530
Pummel Party,690,690,0,2018-09-20,Windows,80,8023130
Revenge of the Savage Planet,780,1200,35,2025-05-08,Windows,89,8916230
Resident Evil 3,624,2497,75,2020-04-02,Windows,88,8867930
The Sims™ 4 Enchanted by Nature Expansion Pack,2199,2199,0,2025-07-10,Windows,28,281430
SMITE 2,0,0,100,2024-08-27,Windows,44,4469530
PICO PARK 2,236,394,40,2024-09-12,"Windows, Mac",84,8411130
Lords Mobile: Kingdom Wars,0,0,100,2019-06-02,Windows,80,803630
Gray Zone Warfare,1999,1999,0,2024-04-30,Windows,75,7560630
Age of Empires III: Definitive Edition,0,529,100,2020-10-15,Windows,89,8951030
Manor Lords,1499,1499,0,2024-04-26,Windows,63,6367330
Arma 3,2699,2699,0,2013-09-12,"Windows, Mac",84,0
Street Fighter™ 6 - Year 3 Ultimate Pass,2997,2997,0,2025-07-15,Windows,60,601530
Car Dealer Simulator,880,880,0,2025-05-29,Windows,89,8970230
Hero's Land,0,0,100,2023-05-17,Windows,44,4426230
Oxygen Not Included,569,569,0,2019-07-30,"Windows, Mac, Linux",96,9677630
DARK SOULS™ III,4299,4299,0,2016-04-11,Windows,93,93116630
Street Fighter™ 6 - Year 3 Character Pass,1997,1997,0,2025-07-15,Windows,48,482530
Total War: WARHAMMER II,2999,2999,0,2017-09-28,"Windows, Mac, Linux",90,0
MY HERO ULTRA RUMBLE,0,0,100,2023-09-28,Windows,75,7536730
Dying Light: The Beast,3360,3360,0,2025-09-18,Windows,0,0
Infinity Nikki,0,0,100,2025-04-28,Windows,67,6738030
A Little to the Left,579,579,0,2022-11-08,"Windows, Mac",89,8930830
SnowRunner,1399,1399,0,2021-05-17,"Windows, Mac",91,9138130
The Alters,1500,1500,0,2025-06-13,Windows,90,9099030
Crime Scene Cleaner,1100,1100,0,2024-08-14,Windows,97,97142630
SUPERVIVE,0,0,100,2025-07-23,Windows,68,68373130
DCS World Steam Edition,0,0,100,2018-03-18,Windows,73,7333430
9 Kings,799,799,0,2025-05-23,"Windows, Mac",90,90106230
Crime Simulator,599,599,0,2025-06-17,Windows,81,8141430
Little Nightmares II,0,0,100,2021-02-10,Windows,87,87166430
Parcel Simulator,810,810,0,2025-06-20,Windows,90,9036530
Hello Kitty Island Adventure,2174,2174,0,2025-01-30,Windows,96,9632030
Wartales,1968,1968,0,2023-04-12,Windows,76,7646130
Against the Storm,999,999,0,2023-12-08,Windows,90,9054230
Dead Cells,629,629,0,2018-08-06,"Windows, Mac, Linux",96,96124230
Russian Fishing 4,0,0,100,2021-11-10,Windows,81,8198030
House Flipper,1100,1100,0,2018-05-17,"Windows, Mac",92,9278430
Undertale,369,369,0,2015-09-15,"Windows, Mac, Linux",96,96609930
Ready or Not: Dark Waters,499,499,0,2024-12-10,Windows,32,327730
Far Cry® 5,2999,4999,40,2018-03-26,Windows,78,78112230
Celeste,220,880,75,2018-01-25,"Windows, Mac, Linux",96,96165630
Mortal Kombat 1,2799,2799,0,2023-09-19,Windows,81,8152730
SCUM,2375,2375,0,2025-06-17,Windows,56,5666630
Conan Exiles,999,999,0,2018-05-08,Windows,80,8032530
STALCRAFT: X,0,0,100,2022-12-09,Windows,67,67190630
Automobilista 2,899,899,0,2020-03-31,"Windows, Linux",90,9044830
The Isle,880,880,0,2015-12-01,Windows,75,75128330
TCG Card Shop Simulator,610,610,0,2024-09-15,Windows,92,9258130
Medieval Dynasty,1490,1490,0,2021-09-23,Windows,89,8935730
Supraworld,1105,1300,15,2025-08-15,Windows,91,91593
SIGNALIS,739,739,0,2022-10-27,Windows,94,9459430
Riders Republic,1999,1999,0,2023-06-08,Windows,77,77127830
He is Coming,499,499,0,2025-07-17,Windows,82,82110630
X4: Foundations,2000,2000,0,2018-11-30,"Windows, Linux",70,7042530
PATAPON 1+2 REPLAY,1999,1999,0,2025-07-10,Windows,86,8624430
RimWorld - Ideology,880,880,0,2021-07-20,"Windows, Mac, Linux",83,834830
Ready or Not: Home Invasion,499,499,0,2024-07-23,Windows,24,247030
Age of Empires IV: Knights of Cross and Rose,719,899,20,2025-04-08,Windows,40,403730
Stick It to the Stickman,250,250,0,2025-08-18,"Windows, Mac, Linux",97,971139
Phoenix Wright: Ace Attorney Trilogy,659,1997,67,2019-04-09,Windows,97,9739730
Sultan's Game,1100,1466,25,2025-03-30,"Windows, Mac",96,9673230
Tiny Glade,690,690,0,2024-09-23,"Windows, Linux",96,9656830
DRAGON BALL: Sparking! ZERO,3999,3999,0,2024-10-10,Windows,76,7630830
Core Keeper,880,880,0,2024-08-27,"Windows, Linux",93,9354930
Wizardry Variants Daphne,0,0,100,2025-03-05,Windows,57,5716130
Content Warning,359,1803,80,2024-04-01,Windows,91,91110730
Mahjong Soul,0,0,100,2024-07-23,Windows,84,8410130
IdleOn - The Idle RPG,0,0,100,2021-04-02,Windows,75,7533930
Slay the Spire,1100,1100,0,2019-01-23,"Windows, Mac, Linux",96,96148430
WWE 2K25,3429,3429,0,2025-03-13,Windows,74,7428530
Untitled Goose Game,314,899,65,2020-09-23,"Windows, Mac",96,9616630
Haste,899,899,0,2025-04-01,"Windows, Mac, Linux",89,8956430
Gunfire Reborn,869,869,0,2021-11-17,Windows,88,8832030
"Warhammer 40,000: Darktide - Arbites Class",649,649,0,2025-06-23,Windows,47,477230
Geometry Dash,250,250,0,2014-12-22,"Windows, Mac",91,91827930
Half-Life: Alyx,2400,2400,0,2020-03-23,Windows,96,9644830
Wizard101,0,0,100,2008-09-02,Windows,77,778930
Beat Saber,1300,1300,0,2019-05-21,Windows,94,9417530
Kenshi,699,699,0,2018-12-06,Windows,94,94124830
DJMAX RESPECT V,3199,3199,0,2020-03-11,Windows,93,9319730
The Spell Brigade,384,480,20,2024-09-16,"Windows, Linux",82,8235330
Monster Train 2,1100,1100,0,2025-05-21,Windows,94,9439230
Dragonheir: Silent Gods,0,0,100,2023-10-26,Windows,63,6312730
RuneScape ®,0,0,100,2020-10-14,"Windows, Mac",70,7017030
Soulstone Survivors,414,690,40,2025-06-17,"Windows, Mac, Linux",89,8956430
Guilty as Sock!,300,300,0,2025-05-29,"Windows, Mac",87,8729330
Metaphor: ReFantazio,5699,5699,0,2024-10-10,Windows,85,8537530
Barony,880,880,0,2015-06-23,"Windows, Mac, Linux",94,9417630
Teardown,1499,1499,0,2022-04-21,Windows,95,95125730
Blasphemous,499,1999,75,2019-09-10,"Windows, Mac, Linux",87,87105730
Kerbal Space Program,849,849,0,2015-04-27,"Windows, Mac, Linux",92,9268530
GrandChase,0,0,100,2021-07-27,Windows,80,8016530
RimWorld - Royalty,880,880,0,2020-02-24,"Windows, Mac, Linux",84,843230
Buckshot Roulette,155,1803,91,2024-04-04,"Windows, Linux",92,92190130
Battlefield™ V,2599,2599,0,2018-11-09,Windows,68,68253830
Call to Arms - Gates of Hell: Ostfront,1500,1500,0,2021-06-11,Windows,87,8743130
Fields of Mistria,650,650,0,2024-08-05,Windows,97,97110930
Project Silverfish,1300,1300,0,2025-06-25,Windows,95,9547230
Holdfast: Nations At War,880,880,0,2020-03-05,Windows,92,9236130
Metro Exodus,2250,2250,0,2019-02-14,"Windows, Mac, Linux",91,9176330
The Bazaar - Ingenious Engineer Expansion,880,880,0,2025-08-13,"Windows, Mac",73,7323
Blood Strike,0,0,100,2025-03-13,Windows,78,7889630
Universe Sandbox,871,1300,33,2015-08-24,"Windows, Mac",95,9526830
Len's Island,1300,1300,0,2025-06-19,"Windows, Mac",78,7816630
American Truck Simulator - Iowa,580,580,0,2025-07-10,"Windows, Mac, Linux",95,952430
Golf With Your Friends,338,1129,70,2020-05-19,"Windows, Mac, Linux",82,8222830
ERA ONE,1300,1300,0,2025-08-06,Windows,80,80612
Stray,1249,1249,0,2022-07-19,"Windows, Mac",96,96101830
ENDER MAGNOLIA: Bloom in the Mist,715,1100,35,2025-01-22,Windows,95,9532330
Sunderfolk,1600,2000,20,2025-04-23,Windows,96,9610130
Starward,0,0,100,2024-04-24,Windows,41,419130
Smalland: Survive the Wilds,525,1500,65,2024-02-15,Windows,76,768030
Crusader Kings III: Roads to Power,1599,1599,0,2024-09-24,"Windows, Mac, Linux",90,901030
Star Trek Online,0,0,100,2010-02-02,Windows,82,828630
Cast n Chill,690,690,0,2025-06-16,"Windows, Mac",95,9542930
Avatar: Frontiers of Pandora™,3499,3499,0,2024-06-17,Windows,73,7339630
The Binding of Isaac: Repentance,1646,1646,0,2021-03-31,Windows,89,895730
Stormworks: Build and Rescue,1100,1100,0,2020-09-17,"Windows, Mac",90,9052630
Shop Titans,0,0,100,2020-05-05,Windows,61,6110030
OCTOPATH TRAVELER II,3499,3499,0,2023-02-24,Windows,89,8935830
Rune Factory: Guardians of Azuma,3960,3960,0,2025-06-04,Windows,84,8410830
Transport Fever 2,400,1600,75,2019-12-11,"Windows, Mac, Linux",90,9024130
Mycopunk,690,690,0,2025-07-10,Windows,85,8570330
Sea Power : Naval Combat in the Missile Age,1600,2000,20,2024-11-12,Windows,87,879330
Sky: Children of the Light,0,0,100,2024-04-10,Windows,89,8955730
Farming Simulator 22,1559,1559,0,2021-11-21,"Windows, Mac",94,9453130
Unpacking,264,529,50,2021-11-01,"Windows, Mac, Linux",94,9431930
Five Nights at Freddy's: Secret of the Mimic,1600,1600,0,2025-06-13,Windows,89,8942630
Blade and Sorcery,1300,1300,0,2024-06-17,Windows,96,9638230
Discounty,1199,1499,20,2025-08-21,Windows,92,92108
Vampire Survivors,249,1019,76,2022-10-20,"Windows, Mac",97,9783430
Slime Rancher 2,1200,1200,0,2022-09-22,Windows,91,9146630
NINJA GAIDEN: Ragebound,1100,4948,78,2025-07-31,Windows,93,931340
MX Bikes,1500,1500,0,2019-10-07,Windows,93,9354630
Halo Infinite,0,0,100,2021-11-15,Windows,54,0
GIRLS' FRONTLINE 2: EXILIUM,0,0,100,2025-02-10,Windows,15,1554430
Grim Dawn,1100,1100,0,2016-02-25,Windows,92,9247730
Total War: ATTILA,405,2029,80,2015-02-17,"Windows, Linux",82,8211330
Grounded 2: Founder’s Pack,500,500,0,2025-07-29,Windows,73,7392
Expansion Starter Pack - Guild Wars 2: Heart of Thorns™ and Path of Fire™,917,2294,60,2022-08-23,Windows,81,81260
Divinity: Original Sin 2 - Definitive Edition,989,989,0,2017-09-14,"Windows, Mac",92,9266230
Noita,529,529,0,2020-10-15,Windows,93,9373030
DARK SOULS™: REMASTERED,2399,2399,0,2018-05-23,Windows,92,92102930
STAR WARS Jedi: Survivor™,3499,3499,0,2023-04-27,Windows,77,77122530
Total War: SHOGUN 2,269,1349,80,2011-03-15,"Windows, Mac, Linux",92,0
Lost Records: Bloom & Rage,1145,1709,33,2025-02-18,Windows,77,7716430
Captain of Industry,1500,1500,0,2022-05-31,Windows,94,9427030
Keep on Mining!,250,535,53,2025-07-30,Windows,92,921193
Assassin's Creed® Odyssey,2999,26220,89,2018-10-05,Windows,85,8599430
Planetary Life,473,570,17,2025-08-15,Windows,94,94180
Marvel’s Spider-Man: Miles Morales,3299,3299,0,2022-11-18,Windows,92,9229030
ARK: Bob's Tall Tales,2482,2482,0,2024-04-01,Windows,30,302030
Human Fall Flat,529,988,46,2016-07-22,"Windows, Mac",91,91105930
Disco Elysium - The Final Cut,899,899,0,2019-10-15,"Windows, Mac",90,90130230
Nine Sols,1300,3769,66,2024-05-28,"Windows, Mac",94,9476130
Total War: WARHAMMER,2999,2999,0,2016-05-24,"Windows, Mac, Linux",79,0
A Way Out,1499,1499,0,2018-03-23,Windows,87,8789430
Age of Empires II: DE - The Three Kingdoms,799,999,20,2025-05-06,Windows,41,413430
Crash Bandicoot™ N. Sane Trilogy,3599,3599,0,2018-06-29,Windows,91,9149930
The Crew Motorfest,3499,3499,0,2024-04-18,Windows,73,73104230
Wandering Sword,1100,1100,0,2023-09-14,Windows,92,9291530
My Summer Car,479,479,0,2025-01-08,Windows,94,94140130
No Rest for the Wicked,1699,1699,0,2024-04-18,Windows,81,8177730
Dinkum,880,880,0,2025-04-22,Windows,85,8525130
Black Mesa,880,1189,26,2020-03-06,"Windows, Linux",91,91156230
Out of the Park Baseball 26,1000,2000,50,2025-03-14,"Windows, Mac",95,954130
Granblue Fantasy Versus: Rising,2900,2900,0,2023-12-13,Windows,82,8216230
KARDS - The WW2 Card Game,0,0,100,2020-04-15,Windows,44,44123130
Euro Truck Simulator 2 - Greece,580,580,0,2024-12-04,"Windows, Mac, Linux",86,861530
Outlast,345,690,50,2013-09-04,"Windows, Mac, Linux",95,9572730
Sins of a Solar Empire II,1539,2199,30,2024-08-15,Windows,67,6710430
Space Engineers,880,880,0,2019-02-28,Windows,85,0
Dead Space,2999,2999,0,2023-01-27,Windows,90,90108530
UNCHARTED™: Legacy of Thieves Collection,3299,3299,0,2022-10-19,Windows,91,9137930
Street Fighter™ 6 - Year 2 Character Pass,1997,2497,20,2024-06-07,Windows,54,541130
Plants vs. Zombies™ Garden Warfare 2: Deluxe Edition,1799,1799,0,2022-05-16,Windows,91,9187930
Six Days in Fallujah,1199,1599,25,2023-06-22,Windows,75,7512830
Destiny 2: The Final Shape,1949,1949,0,2024-06-04,Windows,50,503230
Digimon Story Time Stranger,3999,3999,0,2025-10-02,Windows,0,0
Green Hell,700,700,0,2019-09-05,Windows,81,8182030
Bellwright,1300,1300,0,2024-04-23,Windows,87,8722930
Victoria 3: Charters of Commerce,999,999,0,2025-06-17,"Windows, Mac, Linux",89,892830
Farlight 84,0,0,100,2023-09-21,Windows,57,57146930
Incursion Red River,680,850,20,2024-04-10,Windows,76,7624230
Prison Escape Simulator: Dig Out,300,300,0,2025-07-25,"Windows, Mac",82,821078
The Headliners,400,400,0,2025-01-30,Windows,86,8621930
Need for Speed™ Heat,3499,3499,0,2019-11-08,Windows,82,82202330
FINAL FANTASY VII EVER CRISIS,0,0,100,2023-12-06,Windows,51,514130
Automation - The Car Company Tycoon Game,1300,1300,0,2015-03-12,Windows,95,9524330
BitCraft Online,1750,1750,0,2025-06-21,"Windows, Mac",76,7629430
Brotato,250,250,0,2023-06-23,Windows,94,94111230
Sephiria,586,690,15,2025-04-03,"Windows, Mac",89,8926730
ATLYSS,240,480,50,2024-11-22,Windows,95,9544330
Age of Empires IV:  The Sultans Ascend,449,899,50,2023-11-14,Windows,72,721585
MiSide,690,690,0,2024-12-10,Windows,96,96190630
Frosthaven,1600,1600,0,2025-07-31,Windows,71,71315
Elin,1640,1640,0,2024-11-01,Windows,91,9134830
Sniper Elite: Resistance,2000,2000,0,2025-01-30,Windows,78,789730
LEGO® DC Super-Villains,194,1299,85,2018-10-16,"Windows, Mac",88,884430
Pathfinder: Wrath of the Righteous - Enhanced Edition,979,979,0,2021-09-02,"Windows, Mac",83,8330630
shapez 2,700,1241,44,2024-08-15,"Windows, Mac, Linux",94,9423930
Back to the Dawn,1155,1155,0,2025-07-17,Windows,94,94160830
Tower Dominion,790,790,0,2025-05-07,Windows,89,8935230
Foxhole,699,699,0,2022-09-28,Windows,84,8435630
Jurassic World Evolution 3,2974,7864,62,2025-10-21,Windows,0,0
The Scouring,990,1100,10,2025-08-12,Windows,88,88316
Anno 117: Pax Romana,4199,4199,0,2025-11-13,Windows,0,0
Portal 2,480,480,0,2011-04-18,"Windows, Mac, Linux",98,98261530
A Few Quick Matches,345,345,0,2025-08-05,Windows,86,861582
Dice Gambit,935,1100,15,2025-08-14,Windows,83,83450
The Hundred Line -Last Defense Academy-,3599,3599,0,2025-04-23,Windows,90,9029030
Expansion - Hearts of Iron IV: Götterdämmerung,1359,1359,0,2024-11-14,"Windows, Mac, Linux",76,763030
Morimens,0,0,100,2024-08-01,Windows,77,7719930
Terminull Brigade™,0,0,100,2025-07-29,Windows,50,502216
Thank Goodness You're Here!,539,899,40,2024-08-01,"Windows, Mac",97,9711330
The Sims™ 3,1199,1199,0,2009-06-02,Windows,80,8011130
ASTRONEER,1499,1499,0,2016-12-16,Windows,91,9147330
Rain World,1100,1100,0,2017-03-28,Windows,93,9378730
LOCKDOWN Protocol,480,480,0,2024-07-22,Windows,77,7725430
Nordhold,616,880,30,2025-03-25,"Windows, Mac, Linux",79,7911230
Reverse: 1999,0,0,100,2024-10-08,Windows,92,9224430
Euro Truck Simulator 2 - West Balkans,850,850,0,2023-10-19,"Windows, Mac, Linux",100,1001030
Astral Party,0,0,100,2024-02-28,Windows,61,6127930
Worldwide Rush,782,920,15,2025-08-20,Windows,80,8066
Senren＊Banka,432,759,43,2020-02-14,Windows,96,9642330
DEVOUR,480,480,0,2021-01-28,"Windows, Mac",84,8434030
GONE Fishing,570,570,0,2025-06-15,Windows,89,8928830
Diplomacy is Not an Option,585,1300,55,2024-10-04,Windows,85,8511130
ASKA,990,990,0,2024-06-20,Windows,82,8230830
GGST Additional Character 17 - Lucy,455,455,0,2025-08-21,Windows,93,9391
Old School RuneScape,0,0,100,2013-02-22,"Windows, Mac",80,8022430
Action Taimanin,0,0,100,2020-10-05,Windows,79,796930
Luma Island,675,675,0,2024-11-20,Windows,84,8428330
Ultimate Chicken Horse,690,690,0,2016-03-04,"Windows, Mac, Linux",94,9443430
Trailmakers,569,569,0,2019-09-18,Windows,85,8538030
BlazBlue Entropy Effect,880,880,0,2024-02-14,"Windows, Mac",93,9328130
World War Z,1399,1399,0,2021-09-21,Windows,90,9019330
Knightica,552,690,20,2025-08-21,Windows,81,8179
Totally Accurate Battle Simulator,899,899,0,2021-04-01,"Windows, Mac",96,96108030
The Precinct,890,890,0,2025-05-13,Windows,88,8824030
Total War: THREE KINGDOMS,3599,3599,0,2019-05-23,"Windows, Mac, Linux",83,0
OMORI,529,529,0,2020-12-25,"Windows, Mac",96,9687430
Plague Inc: Evolved,479,479,0,2016-02-18,"Windows, Mac, Linux",92,9243030
ENDER LILIES: Quietus of the Knights,232,580,60,2021-06-21,Windows,93,9335830
Contraband Police,1299,1299,0,2023-03-08,Windows,93,9344730
KovaaK's,296,349,15,2018-04-03,Windows,92,9240430
Firestone - Online Idle RPG,0,0,100,2024-04-01,"Windows, Mac, Linux",67,673130
Shantae Advance: Risky Revolution,880,1100,20,2025-08-19,Windows,83,8372
Firewatch,176,880,80,2016-02-09,"Windows, Mac, Linux",91,9160430
Demonic Mahjong,770,770,0,2025-07-15,Windows,95,95104030
Northgard,699,699,0,2018-03-07,"Windows, Mac, Linux",64,6440330
The Lord of the Rings Online™,0,0,100,2012-06-06,Windows,67,6716730
Enlisted,0,0,100,2024-07-16,"Windows, Linux",78,78146730
DRAGON BALL XENOVERSE 2,1199,1199,0,2016-10-27,Windows,82,8218130
Stoneshard,699,699,0,2020-02-06,"Windows, Linux",73,7340630
Against the Storm - Nightwatchers,499,499,0,2025-07-31,Windows,88,88130
Train Simulator Classic 2024,1300,1300,0,2009-07-12,Windows,76,768530
Liftoff®: FPV Drone Racing,999,999,0,2018-09-13,"Windows, Mac, Linux",97,9717230
Total War: ROME REMASTERED,424,1699,75,2021-04-29,"Windows, Mac, Linux",82,828030
Lobotomy Corporation | Monster Management Simulation,569,569,0,2018-04-09,Windows,96,9693830
Outlast 2,880,1456,40,2017-04-25,Windows,87,8778130
Gatekeeper,690,690,0,2025-08-01,Windows,78,7855430
Blasphemous 2,1799,2999,40,2023-08-24,Windows,85,8517830
Guild Wars 2: End of Dragons™ Expansion,1376,2294,40,2022-08-23,Windows,72,7281
The Binding of Isaac: Afterbirth,379,379,0,2015-10-30,"Windows, Mac, Linux",83,831830
Ravenswatch,1300,1300,0,2024-09-26,Windows,79,7935330
Police Simulator: Patrol Officers,1300,1300,0,2022-11-10,Windows,59,5917130
OMSI 2: Steam Edition,1300,1300,0,2013-12-11,Windows,93,936430
Whisper Mountain Outbreak,400,400,0,2025-08-11,Windows,77,77917
NARUTO TO BORUTO: SHINOBI STRIKER,1199,1199,0,2018-08-31,Windows,76,7612530
Daemon X Machina: Titanic Scion,4599,4599,0,2025-09-05,Windows,0,0
The Rogue Prince of Persia,2099,2099,0,2025-08-20,Windows,94,9410230
MakeRoom,480,480,0,2025-08-07,Windows,92,92286
Space Engineers 2,1300,1300,0,2025-01-27,Windows,86,866530
The Stanley Parable: Ultra Deluxe,569,569,0,2022-04-27,"Windows, Mac, Linux",92,9232630
Sun Haven,1000,1000,0,2023-03-10,"Windows, Mac",55,0
Lost Castle 2,552,690,20,2024-07-24,Windows,78,7819330
Slay the Princess — The Pristine Cut,810,810,0,2023-10-23,"Windows, Mac, Linux",96,9655530
Assassin’s Creed® IV Black Flag™,1999,26220,92,,Windows,80,8059830
LEGO® Marvel™ Super Heroes,113,565,80,2013-11-15,Windows,97,9724830
Need for Speed™ Unbound,3499,3499,0,2022-12-01,Windows,56,56148530
Demonologist,880,880,0,2023-09-25,Windows,73,7314330
DRAGON BALL Z: KAKAROT,1499,1499,0,2020-01-16,Windows,90,9021230
"Warhammer 40,000: Gladius - Relics of War",1600,1600,0,2018-07-12,"Windows, Linux",82,825130
Tinkerlands,457,610,25,2025-05-23,Windows,84,8425830
Timberborn,1500,1500,0,2021-09-15,"Windows, Mac",94,0
Library Of Ruina,699,699,0,2021-08-10,Windows,95,9565830
Warhammer: Vermintide 2,1300,1300,0,2018-03-08,Windows,84,8422730
Marvel's Guardians of the Galaxy,2999,2999,0,2021-10-26,Windows,89,8954330
Workers & Resources: Soviet Republic,1499,1499,0,2024-06-20,Windows,90,0
"Papers, Please",480,480,0,2013-08-08,"Windows, Mac, Linux",97,9746230
RAID: Shadow Legends,0,0,100,2024-01-09,Windows,67,675630
The Sims™ 2 Legacy Collection,1799,1799,0,2025-01-31,Windows,84,8415830
Suit for Hire,690,690,0,2025-06-20,Windows,95,9522930
Soulmask,1299,1299,0,2024-05-30,Windows,82,8226230
Aseprite,529,529,0,2016-02-22,"Windows, Mac, Linux",98,9830030
Yarimono,1100,1100,0,2024-08-30,Windows,84,8410630
The Long Dark,899,899,0,2017-08-01,"Windows, Mac, Linux",88,0
Neon Abyss 2,880,880,0,2025-07-17,Windows,57,5745730
CarX Drift Racing Online,690,690,0,2017-11-17,Windows,94,9454430
Volcano Princess,381,530,28,2023-04-20,Windows,97,9760330
Frostpunk 2,1800,1800,0,2024-09-20,"Windows, Mac",75,7524130
Revolution Idle,0,0,100,2025-05-01,Windows,74,7462430
Governor of Poker 3,0,0,100,2016-02-19,"Windows, Mac",67,677330
Unknown,280,2799,90,,Windows,0,0
LEGO® Marvel Super Heroes 2,550,2750,80,2017-11-14,Windows,70,704430
Sniper Elite 5,1099,1099,0,2022-05-25,Windows,84,8422430
OCTOPATH TRAVELER™,4250,4250,0,2019-06-07,Windows,79,7918130
Fate/hollow ataraxia REMASTERED,1300,1300,0,2025-08-06,Windows,96,96327
Inkshade,880,880,0,2025-08-14,Windows,91,91271
Tom Clancy's Ghost Recon® Wildlands,2499,2499,0,2017-03-06,Windows,79,7940130
Crossout,0,0,100,2017-07-26,Windows,73,7340030
Kingdom Rush 5: Alliance TD,572,880,35,2024-07-25,"Windows, Mac",86,8610830
Slime Rancher,899,899,0,2017-08-01,"Windows, Mac, Linux",98,98132530
Barotrauma,1300,1300,0,2023-03-13,"Windows, Mac, Linux",95,9553130
Wreckfest 2,1300,1300,0,2025-03-20,Windows,61,6116530
OVIS LOOP,770,770,0,2025-08-14,Windows,88,88477
Little Nightmares III,2556,2556,0,2025-10-09,Windows,0,0
The Sims™ 4 Businesses & Hobbies Expansion Pack,2199,2199,0,2025-03-06,Windows,73,7382
Soundpad,0,0,100,2016-11-09,Windows,94,94139030
MLB Rivals,0,0,100,2025-03-17,Windows,78,786430
Poppy Playtime,0,0,100,2021-10-12,Windows,86,8691530
Jurassic World Evolution 2: Dominion Biosyn Expansion,399,999,60,2022-06-14,Windows,81,81398
Construction Simulator,1500,1500,0,2022-09-20,Windows,81,817430
Mecharashi,0,0,100,2025-07-30,Windows,71,71846
The Escapists 2,374,1499,75,2017-08-21,"Windows, Mac, Linux",90,9013030
KINGDOM HEARTS III + Re Mind (DLC),2399,3999,40,2024-06-13,Windows,90,905030
Besiege,529,529,0,2020-02-18,"Windows, Mac, Linux",90,9031130
Darkest Dungeon® II,1700,1700,0,2023-05-08,"Windows, Mac",69,6922730
MARVEL SNAP,0,0,100,2023-08-22,Windows,39,3928130
Star Wars Outlaws,4899,4899,0,2024-11-21,Windows,70,7024330
Cash Cleaner Simulator,560,560,0,2025-05-08,Windows,92,9240230
MechWarrior 5: Mercenaries,699,699,0,2021-05-26,Windows,94,9411830
Insurgency: Sandstorm,1399,1399,0,2018-12-12,Windows,81,8152430
The Drifter,880,880,0,2025-07-17,"Windows, Mac, Linux",98,98113930
Terminator: Dark Fate - Defiance,1600,1600,0,2024-02-21,Windows,86,8611130
Easy Red 2,450,450,0,2020-11-10,"Windows, Mac, Linux",89,8934630
Backpack Battles,690,1242,44,2025-06-13,"Windows, Linux",87,8740130
Max Payne 3,329,1099,70,2012-05-31,Windows,90,9034830
GROUND BRANCH,594,699,15,2018-08-14,Windows,81,8117730
Fishing Planet: Chamaeleon Cruiser Pack,2400,2400,0,2025-06-18,"Windows, Mac, Linux",48,4833
Realm of the Mad God Exalt,0,0,100,2012-02-20,"Windows, Mac",70,7017430
Age of Empires III: Definitive Edition (Base Game),132,529,75,2023-08-02,Windows,81,81309
X-Plane 12,2400,2400,0,2022-12-17,"Windows, Mac, Linux",90,9013530
Muse Dash,180,180,0,2019-06-20,"Windows, Mac",90,0
JDM: Japanese Drift Master,2599,2599,0,2025-05-21,Windows,67,6731030
The Binding of Isaac: Afterbirth+,1646,1646,0,2017-01-03,"Windows, Mac, Linux",70,702730
Into the Dead: Our Darkest Days,1100,1100,0,2025-04-09,"Windows, Mac",90,9026130
Battle Teams 2,0,0,100,2022-07-20,Windows,68,6814030
Trepang2,1199,2399,50,2023-06-21,Windows,93,9323730
STAR WARS Jedi: Fallen Order™,2199,2199,0,2019-11-14,Windows,84,8490830
Trove,16950,16950,0,2015-07-09,Windows,78,7818530
LEGO® MARVEL's Avengers,299,1499,80,2016-01-26,Windows,86,864430
The Riftbreaker,1300,1781,27,2021-10-14,Windows,88,8814630
"Ship, Inc.",480,480,0,2025-06-23,"Windows, Mac, Linux",79,7916430
Pixel Gun 3D: PC Edition,0,0,100,2024-04-02,"Windows, Mac",67,6778430
Avowed,4999,4999,0,2025-02-18,Windows,67,6721330
Touhou Danmaku Kagura Phantasia Lost,650,1300,50,2024-02-07,Windows,84,842630
BONELAB,1600,1600,0,2022-09-29,Windows,91,9129930
Pro Cycling Manager 25,1280,1600,20,2025-06-05,Windows,72,725530
PlateUp!,880,880,0,2022-08-04,Windows,94,9417930
Rooftops & Alleys: The Parkour Game,1199,1199,0,2025-06-16,Windows,89,8917830
Gears of War: Reloaded,2499,2499,0,2025-08-26,Windows,0,0
The Wandering Village,1300,1300,0,2025-07-17,"Windows, Mac, Linux",87,8738130
ARK: Astraeos,1298,1298,0,2025-02-13,Windows,40,401530
Mouthwashing,610,610,0,2024-09-26,Windows,92,9273230
Euro Truck Simulator 2 - Scandinavia,850,850,0,2015-05-06,"Windows, Mac, Linux",100,1001230
ScootX,570,570,0,2025-07-03,Windows,94,9436430
Sonic Racing: CrossWorlds,5699,5699,0,2025-09-25,Windows,0,0
STEINS;GATE,699,699,0,2016-09-08,Windows,96,9675730
Dark Hours,457,610,25,2024-10-24,Windows,84,846330
Titanfall® 2,1499,1499,0,2016-10-28,Windows,95,95179730
Inscryption,699,699,0,2021-10-19,"Windows, Mac, Linux",97,9787530
Chained Echoes,569,569,0,2022-12-08,"Windows, Mac, Linux",78,7818130
A Hat in Time,1300,1300,0,2017-10-05,"Windows, Mac",96,9616930
Aviassembly,480,480,0,2025-04-11,Windows,95,9548130
BLEACH Rebirth of Souls,3499,3499,0,2025-03-20,Windows,72,725930
ACE COMBAT™ 7: SKIES UNKNOWN,2499,2499,0,2019-01-31,Windows,91,9136230
Ratchet & Clank: Rift Apart,3999,3999,0,2023-07-26,Windows,94,9413530
Primordialis,880,1413,38,2025-07-02,Windows,93,9311430
Door Kickers 2: Task Force North,1100,1100,0,2025-02-10,"Windows, Mac",97,9713630
Substance 3D Painter 2025,7900,7900,0,2025-03-11,"Windows, Mac, Linux",90,902030
F1® Manager 2024,570,1900,70,2024-07-23,Windows,86,8618930
Rift of the NecroDancer,880,880,0,2025-02-05,Windows,86,8613830
Titan Quest Anniversary Edition,699,699,0,2016-08-31,Windows,80,8031830
SULFUR,1100,1460,25,2024-10-28,Windows,88,8821430
嗜血印 Bloody Spell,879,879,0,2022-01-26,Windows,93,93207930
METAL GEAR & METAL GEAR 2: Solid Snake,1664,1664,0,2023-10-24,Windows,87,871630
Unknown,619,1275,51,,Windows,0,0
Dwarf Fortress,1300,1300,0,2022-12-06,"Windows, Linux",88,8814130
Sid Meier's Civilization® V,1499,1499,0,2010-09-23,"Windows, Mac, Linux",91,9131330
Whispers from the Star,380,475,20,2025-08-14,Windows,85,85737
VTOL VR,729,729,0,2017-08-03,Windows,99,9918130
Gorilla Tag,880,880,0,2023-01-01,Windows,90,9093930
WARNO,2499,2499,0,2024-05-23,Windows,76,7614930
My Time at Sandrock,1899,3210,41,2023-11-02,Windows,84,8417930
WolfQuest: Anniversary Edition,1300,1300,0,2025-07-22,"Windows, Mac",94,9426930
Luck be a Landlord,158,480,67,2023-01-06,"Windows, Mac, Linux",92,925730
Deadzone: Rogue - Operative Pack,456,570,20,2025-08-11,Windows,92,9238
Deep Rock Galactic: Survivor,610,610,0,2024-02-14,Windows,84,8449130
Ale & Tale Tavern,590,590,0,2024-09-05,Windows,89,8924130
The Sinking City Remastered,679,2265,70,2021-02-26,Windows,82,825230
Little Nightmares,1499,1499,0,2017-04-27,Windows,96,9630030
Minecraft Dungeons,1099,1099,0,2021-09-22,Windows,87,8715530
Hyper Light Drifter,226,565,60,2016-03-31,"Windows, Mac, Linux",88,886230
Crosshair X,250,350,29,2020-06-01,Windows,92,9295330
Game of Thrones Winter is Coming,0,0,100,2019-11-14,Windows,61,611330
DiRT Rally 2.0,569,569,0,2019-02-25,Windows,94,9424430
Street Fighter™ 6 - Year 2 Ultimate Pass,3329,4162,20,2024-06-07,Windows,68,68115
Touhou Mystia's Izakaya,400,500,20,2021-10-01,"Windows, Mac",98,0
Big Ambitions,809,1012,20,2023-03-10,"Windows, Mac",88,8813930
Farthest Frontier,1300,1300,0,2022-08-09,Windows,92,9220330
Ace Attorney Investigations Collection,1872,2497,25,2024-09-05,Windows,100,1006730
Ground of Aces,1100,1100,0,2025-07-10,"Windows, Mac",88,8820130
Dungeon Stalkers,0,0,100,2025-08-12,Windows,50,501977
SONIC X SHADOW GENERATIONS,3999,3999,0,2024-10-24,Windows,99,9912430
Tower Wizard,155,155,0,2025-06-19,Windows,96,9671330
Project Wingman,569,569,0,2020-12-01,Windows,91,9119030
Planet Coaster,742,2970,75,2016-11-17,"Windows, Mac",91,0
Last Epoch - Woven Legend Supporter Pack,2400,2400,0,2025-04-16,Windows,98,98299
Thronefall,610,1266,52,2024-10-11,"Windows, Mac",95,9515630
The Jackbox Party Pack 7,780,1300,40,2020-10-14,"Windows, Mac, Linux",96,963603
The Sims™ 4 Cats & Dogs,2199,2199,0,2017-11-09,Windows,50,501030
A.V.A Global,0,0,100,2022-08-23,Windows,47,472130
Potion Craft: Alchemist Simulator,880,880,0,2022-12-13,Windows,95,9559530
American Truck Simulator - Missouri,580,580,0,2025-04-03,"Windows, Mac, Linux",80,80240
Call of Duty®: Modern Warfare® 2 (2009),1799,1799,0,2009-11-12,"Windows, Mac",95,9520430
Pacific Drive,1399,1399,0,2024-02-21,Windows,80,8032430
"Ranch Simulator: Build, Hunt, Farm",569,569,0,2023-11-03,Windows,73,7370930
鬼谷八荒 Tale of Immortal,829,829,0,2023-05-26,Windows,76,7632630
The Great Villainess: Strategy of Lily,1300,1300,0,2025-07-23,Windows,86,86786
Predecessor,0,0,100,2024-08-20,Windows,67,6735830
ONE PIECE Bounty Rush,0,0,100,2024-09-23,Windows,68,6817630
Plants vs. Zombies GOTY Edition,259,259,0,2009-05-05,"Windows, Mac",97,97132130
Darkest Dungeon®,1099,1099,0,2016-01-19,"Windows, Mac, Linux",91,9168830
JoJo's Bizarre Adventure: All-Star Battle R,2999,2999,0,2022-09-01,Windows,95,9535630
Gas Station Simulator,571,571,0,2021-09-15,"Windows, Mac",90,9014230
Stellaris: BioGenesis,1359,1359,0,2025-05-05,"Windows, Mac, Linux",44,442930
Mechabellum,690,1386,50,2024-09-26,Windows,82,8238830
Stellaris: The Machine Age,1359,1359,0,2024-05-07,"Windows, Mac, Linux",77,77792
Guild Wars 2: Secrets of the Obscure™ Expansion,1439,2057,30,2023-08-22,Windows,46,46105
Rivals of Aether II,1300,1300,0,2024-10-23,Windows,71,7116030
Gang Beasts,899,899,0,2017-12-12,"Windows, Mac, Linux",92,9229430
Eriksholm: The Stolen Dream,2450,2450,0,2025-07-15,Windows,95,9543030
Far Cry® 4,1499,13491,89,2014-11-18,Windows,84,8461430
Kindergarten 3,880,880,0,2025-06-18,"Windows, Mac, Linux",96,9610630
Taiko no Tatsujin: Rhythm Festival,2999,2999,0,2024-11-06,Windows,78,782830
FINAL FANTASY TACTICS - The Ivalice Chronicles,3499,3499,0,2025-09-30,Windows,0,0
Motor Town: Behind The Wheel,880,880,0,2021-12-17,Windows,90,9016330
Planet Zoo: Asia Animal Pack,664,782,15,2025-06-25,Windows,100,10021
DEATH NOTE Killer Within,839,839,0,2024-11-05,Windows,82,829630
Guild Wars 2: Janthir Wilds™ Expansion,1664,2080,20,2024-08-20,Windows,62,6261
Storage Hunter Simulator,1100,1100,0,2024-10-10,Windows,78,789330
Artis Impact,850,850,0,2025-08-07,Windows,82,821292
Animal Shelter 2,1100,1100,0,2025-07-23,Windows,78,78313
theHunter: Call of the Wild™ - Alberta Hunting Preserve,570,570,0,2025-06-17,Windows,77,77184
Forever Skies,1300,1300,0,2025-04-14,Windows,70,708730
Cronos: The New Dawn,3299,3299,0,2025-09-05,Windows,0,0
Look Outside,480,480,0,2025-03-21,Windows,97,9744630
Far Cry® Primal,2499,13491,81,2016-02-29,Windows,87,8748630
Let Them Trade,810,810,0,2025-07-24,Windows,83,83516
Void Crew,1199,1199,0,2024-11-25,Windows,85,859930
SPORE™,999,999,0,2008-12-19,Windows,92,9256730
FOUNDRY,1599,1599,0,2024-05-02,Windows,81,817530
The Mortuary Assistant,0,0,100,2022-08-02,Windows,87,8712430
Roboquest,0,0,100,2023-11-07,Windows,89,8926130
Still Wakes the Deep,1500,1500,0,2024-06-18,Windows,88,8837530
Little Fighter 2 Remastered,1280,1280,0,2025-07-18,"Windows, Mac",78,7838230
War of Rights,2234,2234,0,2018-12-03,Windows,89,8914630
Caves of Qud,1300,1791,27,2024-12-05,"Windows, Mac, Linux",94,9413030
Way of the Hunter,1300,1300,0,2022-08-16,Windows,84,848330
The Long Drive,730,730,0,2019-09-25,Windows,84,8449530
Uncrashed : FPV Drone Simulator,690,690,0,2021-09-01,"Windows, Mac",97,9722230
Resident Evil,274,1099,75,2015-01-19,Windows,92,9228030
DC Universe™ Online,0,0,100,2011-11-02,Windows,80,8011430
RaceRoom Racing Experience,0,0,100,2013-02-12,Windows,76,7636430
MOBILE SUIT GUNDAM BATTLE OPERATION 2,0,0,100,2023-05-30,Windows,27,2713330
House Party,1199,1199,0,2022-07-15,Windows,71,714530
Void War,880,880,0,2025-06-02,Windows,94,9423430
Victoria 3: Sphere of Influence,1599,1599,0,2024-06-24,"Windows, Mac, Linux",74,741134
Jurassic World Evolution 2: Dominion Malta Expansion,399,999,60,2022-12-08,Windows,75,75168
Unknown,2089,5487,62,,Windows,0,0
Wild Assault,539,830,35,2025-04-11,Windows,73,7320330
Overcooked! All You Can Eat,2999,2999,0,2021-03-23,Windows,80,806730
ContractVille,480,480,0,2025-05-26,Windows,72,7213330
StarVaders,1100,1100,0,2025-04-30,"Windows, Mac",95,9515930
3DMark,1500,1500,0,,"Windows, Mac",95,9512330
Persona 4 Golden,1664,1664,0,2020-06-13,Windows,97,9755030
Goat Simulator 3,1300,1300,0,2024-02-15,Windows,98,9823930
Tormented Souls,88,880,90,2021-08-26,Windows,86,867930
Norland,999,999,0,2024-07-18,Windows,79,7922030
DREADZONE,1300,1300,0,2025-07-17,Windows,58,5822130
Dungeons & Dragons Neverwinter Nights 2: Enhanced Edition,1300,1300,0,2025-07-15,Windows,43,4322830
Apollo Justice: Ace Attorney Trilogy,1581,3163,50,2024-01-24,Windows,87,877230
Infection Free Zone,899,899,0,2024-04-11,Windows,87,8721730
Asphalt Legends,0,0,100,2022-08-02,Windows,79,7942630
Tokyo Xtreme Racer,1999,1999,0,2025-01-22,Windows,94,9420430
GRIS,690,690,0,2018-12-13,"Windows, Mac",93,93129230
Assetto Corsa EVO,1989,1989,0,2025-01-16,Windows,47,4723130
Journey of Realm：Dawn Dew,466,530,12,2025-08-13,Windows,98,98516
Brick Rigs,850,850,0,2023-07-14,Windows,95,9558130
ANIMAL WELL,1100,1100,0,2024-05-09,Windows,93,9333730
Yu-Gi-Oh! Duel Links,0,0,100,2017-11-16,Windows,73,7314530
PANICORE,200,250,20,2024-05-31,Windows,74,7416730
Outer Wilds - Echoes of the Eye,659,659,0,2021-09-28,Windows,87,875730
The Roottrees are Dead,880,880,0,2025-01-15,"Windows, Mac, Linux",97,9717530
Muse Dash - Muse Plus,2000,2000,0,2023-10-04,"Windows, Mac",75,75597
Super Bunny Man,690,690,0,2023-05-16,"Windows, Mac, Linux",85,8512030
Tales of Arise,2399,2399,0,2021-09-09,Windows,80,8016430
Out of Ore,1100,1100,0,2022-10-31,Windows,81,819230
Crusader Kings III: Tours & Tournaments,1599,1599,0,2023-05-11,"Windows, Mac, Linux",75,751408
Mafia II: Definitive Edition,1699,1699,0,2020-05-19,Windows,78,7844430
Kingdom Two Crowns,880,1413,38,2018-12-11,"Windows, Mac, Linux",92,9229630
"Warhammer 40,000: Battlesector",1600,1600,0,2021-07-22,Windows,89,893730
Two Point Hospital,1999,1999,0,2018-08-29,"Windows, Mac, Linux",91,9110030
People Playground,349,349,0,2019-07-23,Windows,97,97277830
Carry The Glass,125,250,50,2024-10-23,Windows,80,8014030
A Dance of Fire and Ice,219,219,0,2019-01-24,"Windows, Mac, Linux",93,9382930
RIDE 5,3499,3499,0,2023-08-24,Windows,82,8213930
SpaceEngine,1300,1300,0,2019-06-11,Windows,96,9618730
Fallout 3: Game of the Year Edition,899,899,0,2009-10-13,Windows,83,8326030
Unknown,818,818,0,,"Windows, Mac",0,0
BIGFOOT,880,880,0,2017-01-31,Windows,76,7612130
Who's Your Daddy?!,199,199,0,2015-12-23,"Windows, Mac",73,7313030
ARK: Genesis Season Pass,690,690,0,2019-08-08,"Windows, Mac, Linux",66,661230
Herdling,899,1124,20,2025-08-21,Windows,92,9239
The Jackbox Party Pack 3,1100,3300,67,2016-10-17,"Windows, Mac, Linux",88,881730
Drill Core,880,1962,55,2025-07-17,Windows,79,7923030
Age of Empires: Definitive Edition,116,464,75,2019-08-19,Windows,83,8310430
MX vs ATV Legends,1349,1349,0,2022-06-28,Windows,80,8017530
The Eminence in Shadow: Master of Garden,0,0,100,2024-08-28,Windows,60,602330
Age of Empires II: DE - Chronicles: Battle for Greece,468,699,33,2024-11-14,Windows,66,661830
Icarus: Great Hunts Campaigns,1100,1100,0,2025-07-17,Windows,51,512930
Heroes of Hammerwatch II,810,810,0,2025-01-14,Windows,77,7710730
RAIDOU Remastered: The Mystery of the Soulless Army,3799,3799,0,2025-06-18,Windows,89,895630
Spyro™ Reignited Trilogy,3599,3599,0,2019-09-03,Windows,92,9212630
Cassette Beasts,440,880,50,2023-04-26,"Windows, Linux",87,878330
Paleo Pines,369,1231,70,2023-09-26,"Windows, Linux",75,752830
NARUTO SHIPPUDEN: Ultimate Ninja STORM 4,1199,1199,0,2016-02-04,Windows,90,9027430
Crush Crush,0,0,100,2016-05-13,"Windows, Mac, Linux",82,8213330
Sunkenland,880,880,0,2023-08-25,Windows,72,7216930
Age of Empires IV: Dynasties of the East,1019,1199,15,2025-11-04,Windows,0,0
Euro Truck Simulator 2 - Iberia,850,850,0,2021-04-08,"Windows, Mac, Linux",77,77553
State of Decay 2: Juggernaut Edition,1099,1099,0,2020-03-13,Windows,81,8136530
Bread & Fred,379,690,45,2023-05-23,"Windows, Mac",59,594730
Card Shop Simulator Multiplayer,570,570,0,2025-06-17,Windows,80,8019330
Stranded Deep,529,529,0,2022-08-10,"Windows, Mac, Linux",73,7314830
The Bus,1200,1600,25,2021-03-25,Windows,54,5411830
Sengoku Dynasty,1300,1300,0,2024-11-07,Windows,59,5910230
Spiritfarer®: Farewell Edition,1300,1300,0,2020-08-18,"Windows, Mac, Linux",91,9163230
EVE Online,0,0,100,2003-05-05,"Windows, Mac",64,6421430
Wrap House Simulator🌯,450,450,0,2025-05-29,Windows,80,8025830
Viscera Cleanup Detail,610,1731,65,2015-10-23,"Windows, Mac",78,7814430
Brickadia,1300,1300,0,2025-07-11,Windows,89,8915630
LEGO® Jurassic World,215,1079,80,2015-06-11,Windows,93,9310930
Watch_Dogs® 2,2999,2999,0,2016-11-28,Windows,80,8071630
South of Midnight,2399,2399,0,2025-04-08,Windows,93,9314430
"Warhammer 40,000: Rogue Trader - Lex Imperialis",635,635,0,2025-06-24,"Windows, Mac",65,6510330
Drova - Forsaken Kin,1100,1100,0,2024-10-15,"Windows, Mac, Linux",91,9120130
Echoes of the End,2240,2240,0,2025-08-12,Windows,62,62291
Prehistoric Kingdom,699,699,0,2022-04-27,Windows,97,9720430
Unknown,1192,4544,74,,Windows,0,0
FUMES,690,690,0,2025-07-28,Windows,96,96918
Assassin's Creed® Unity,1499,26220,94,2014-11-12,Windows,74,7460130
Granado Espada,0,0,100,2017-10-15,Windows,64,641305
Songs of Conquest,1759,1759,0,2024-05-20,"Windows, Mac",83,8312430
Total War: WARHAMMER III - Forge of the Chaos Dwarfs,1699,1699,0,2023-04-13,"Windows, Mac, Linux",76,761867
Winter Memories,800,800,0,2024-01-05,Windows,97,9713630
Galactic Civilizations IV,850,1700,50,2023-10-19,Windows,84,844430
The Coffin of Andy and Leyley,570,570,0,2023-10-13,Windows,96,9687130
Travellers Rest,810,810,0,2020-07-28,Windows,78,7814630
RPG Maker MZ,3200,3200,0,2020-08-27,"Windows, Mac",90,902230
Nice Day for Fishing,1199,1499,20,2025-05-29,Windows,83,8310130
Texas Hold'em Poker: Pokerist,0,0,100,2025-02-18,"Windows, Mac",61,6113630
Out and About,729,810,10,2025-08-11,Windows,90,90107
South Park™: The Fractured But Whole™,2099,2099,0,2017-10-16,Windows,88,8825930
Left 4 Dead,480,480,0,2008-11-17,Windows,95,9541130
Summer Memories,800,800,0,2020-06-14,Windows,92,9229830
Unknown,1871,2141,13,,"Windows, Mac, Linux",0,0
STONKS-9800: Stock Market Simulator,480,908,47,2023-07-17,"Windows, Mac, Linux",90,9014330
Call of Duty®: Modern Warfare® Remastered (2017),3599,3599,0,2017-07-27,Windows,60,6012330
PICO PARK,199,199,0,2021-05-07,Windows,87,8715230
Expansion - Hearts of Iron IV: Arms Against Tyranny,999,999,0,2023-10-10,"Windows, Mac, Linux",41,411230
Five Nights at Freddy's: Security Breach,899,899,0,2021-12-16,Windows,84,8434830
Across the Obelisk,999,999,0,2021-04-08,"Windows, Mac, Linux",75,753730
The Sims™ 4 Get To Work,2199,2199,0,2015-03-30,Windows,46,46260
Two Point Museum: Fantasy Finds,665,665,0,2025-07-17,"Windows, Mac, Linux",88,883630
MAVRIX by Matt Jones,1600,1600,0,2025-07-24,Windows,77,77390
